{"cameraMode":{"drawMode":0,"name":"Shaded","section":"Shading Mode"},"sceneLighting":false,"audioPlay":false,"sceneViewState":{"m_AlwaysRefresh":false,"showFog":true,"showSkybox":false,"showFlares":true,"showImageEffects":true,"showParticleSystems":true,"showVisualEffectGraphs":true,"m_FxEnabled":true},"in2DMode":false,"pivot":{"x":0.0023009777069091799,"y":1.1612285375595093,"z":-0.16338729858398438},"rotation":{"x":-0.02785918302834034,"y":0.9637539982795715,"z":-0.24076537787914277,"w":-0.1115172728896141},"size":1.8058360815048218,"orthographic":false}