{"cameraMode":{"drawMode":0,"name":"Shaded","section":"Shading Mode"},"sceneLighting":true,"audioPlay":false,"sceneViewState":{"m_AlwaysRefresh":false,"showFog":true,"showSkybox":true,"showFlares":true,"showImageEffects":true,"showParticleSystems":true,"showVisualEffectGraphs":true,"m_FxEnabled":true},"in2DMode":false,"pivot":{"x":4.470095157623291,"y":3.1172542572021486,"z":-1.5933218002319337},"rotation":{"x":-0.014093264937400818,"y":0.9653505682945252,"z":-0.25505751371383669,"w":-0.05334047973155975},"size":6.0073957443237309,"orthographic":false}