{"cameraMode":{"drawMode":0,"name":"Shaded","section":"Shading Mode"},"sceneLighting":false,"audioPlay":false,"sceneViewState":{"m_AlwaysRefresh":false,"showFog":true,"showSkybox":false,"showFlares":true,"showImageEffects":true,"showParticleSystems":true,"showVisualEffectGraphs":true,"m_FxEnabled":true},"in2DMode":false,"pivot":{"x":-0.07554147392511368,"y":-0.1187082976102829,"z":0.0002785921096801758},"rotation":{"x":-0.712806224822998,"y":-0.0031561816576868297,"z":-0.003207547590136528,"w":0.7013489007949829},"size":0.8660253882408142,"orthographic":true}