{"cameraMode":{"drawMode":0,"name":"Shaded","section":"Shading Mode"},"sceneLighting":false,"audioPlay":false,"sceneViewState":{"m_AlwaysRefresh":false,"showFog":true,"showSkybox":false,"showFlares":true,"showImageEffects":true,"showParticleSystems":true,"showVisualEffectGraphs":true,"m_FxEnabled":true},"in2DMode":false,"pivot":{"x":-3.1878790855407717,"y":1.7336616516113282,"z":-5.6430277824401859},"rotation":{"x":-0.4080684185028076,"y":0.001879919902421534,"z":-0.0009322683326900005,"w":-0.9130226969718933},"size":4.459961414337158,"orthographic":false}