{"cameraMode":{"drawMode":0,"name":"Shaded","section":"Shading Mode"},"sceneLighting":false,"audioPlay":false,"sceneViewState":{"m_AlwaysRefresh":false,"showFog":true,"showSkybox":false,"showFlares":true,"showImageEffects":true,"showParticleSystems":true,"showVisualEffectGraphs":true,"m_FxEnabled":true},"in2DMode":false,"pivot":{"x":1.5261564254760743,"y":0.3880579471588135,"z":-0.06179952621459961},"rotation":{"x":-0.15374837815761567,"y":-0.07492324709892273,"z":0.01169219333678484,"w":-0.9851986765861511},"size":4.208843231201172,"orthographic":false}