{"cameraMode":{"drawMode":0,"name":"Shaded","section":"Shading Mode"},"sceneLighting":false,"audioPlay":false,"sceneViewState":{"m_AlwaysRefresh":false,"showFog":true,"showSkybox":false,"showFlares":true,"showImageEffects":true,"showParticleSystems":true,"showVisualEffectGraphs":true,"m_FxEnabled":true},"in2DMode":false,"pivot":{"x":-1.167027473449707,"y":-2.88472318649292,"z":3.0482687950134279},"rotation":{"x":-0.42715176939964297,"y":-0.0022141169756650926,"z":0.0009401949937455356,"w":-0.9042543172836304},"size":3.407106399536133,"orthographic":false}