{"cameraMode":{"drawMode":0,"name":"Shaded","section":"Shading Mode"},"sceneLighting":false,"audioPlay":false,"sceneViewState":{"m_AlwaysRefresh":false,"showFog":true,"showSkybox":false,"showFlares":true,"showImageEffects":true,"showParticleSystems":true,"showVisualEffectGraphs":true,"m_FxEnabled":true},"in2DMode":false,"pivot":{"x":5.419905662536621,"y":2.7447004318237306,"z":-6.458142280578613},"rotation":{"x":-0.013806217350065709,"y":-0.02489830181002617,"z":0.0003451622324064374,"w":-0.9996204376220703},"size":3.3123724460601808,"orthographic":false}