{"cameraMode":{"drawMode":0,"name":"Shaded","section":"Shading Mode"},"sceneLighting":true,"audioPlay":false,"sceneViewState":{"m_AlwaysRefresh":false,"showFog":true,"showSkybox":true,"showFlares":true,"showImageEffects":true,"showParticleSystems":true,"showVisualEffectGraphs":true,"m_FxEnabled":true},"in2DMode":false,"pivot":{"x":3.650608539581299,"y":-1.0116844177246094,"z":6.831178665161133},"rotation":{"x":0.21453973650932313,"y":0.028135104104876519,"z":-0.006181489210575819,"w":0.9763025045394898},"size":10.068602561950684,"orthographic":false}