{"cameraMode":{"drawMode":0,"name":"Shaded","section":"Shading Mode"},"sceneLighting":false,"audioPlay":false,"sceneViewState":{"m_AlwaysRefresh":false,"showFog":true,"showSkybox":false,"showFlares":true,"showImageEffects":true,"showParticleSystems":true,"showVisualEffectGraphs":true,"m_FxEnabled":true},"in2DMode":false,"pivot":{"x":-2.384185791015625e-7,"y":1.0225951671600342,"z":0.029990017414093019},"rotation":{"x":-0.02785918302834034,"y":0.9637539982795715,"z":-0.24076537787914277,"w":-0.1115172728896141},"size":1.6059645414352418,"orthographic":false}