{"cameraMode":{"drawMode":0,"name":"Shaded","section":"Shading Mode"},"sceneLighting":false,"audioPlay":false,"sceneViewState":{"m_AlwaysRefresh":false,"showFog":true,"showSkybox":false,"showFlares":true,"showImageEffects":true,"showParticleSystems":true,"showVisualEffectGraphs":true,"m_FxEnabled":true},"in2DMode":false,"pivot":{"x":5.283595085144043,"y":-0.0737796425819397,"z":-12.180424690246582},"rotation":{"x":-0.016776680946350099,"y":-0.06866216659545899,"z":0.0010396655416116119,"w":-0.9975934624671936},"size":0.6931270956993103,"orthographic":false}