{"cameraMode":{"drawMode":0,"name":"Shaded","section":"Shading Mode"},"sceneLighting":true,"audioPlay":false,"sceneViewState":{"m_AlwaysRefresh":false,"showFog":true,"showSkybox":true,"showFlares":true,"showImageEffects":true,"showParticleSystems":true,"showVisualEffectGraphs":true,"m_FxEnabled":true},"in2DMode":false,"pivot":{"x":1.998801589012146,"y":1.3826255798339844,"z":-6.686433792114258},"rotation":{"x":-0.39014846086502077,"y":-0.010498970746994019,"z":0.004448888823390007,"w":-0.9207064509391785},"size":3.601315975189209,"orthographic":false}