{"cameraMode":{"drawMode":0,"name":"Shaded","section":"Shading Mode"},"sceneLighting":true,"audioPlay":false,"sceneViewState":{"m_AlwaysRefresh":false,"showFog":true,"showSkybox":true,"showFlares":true,"showImageEffects":true,"showParticleSystems":true,"showVisualEffectGraphs":true,"m_FxEnabled":true},"in2DMode":false,"pivot":{"x":5.0283894538879398,"y":2.0911455154418947,"z":-9.649252891540528},"rotation":{"x":-0.682986319065094,"y":0.0015274769393727184,"z":-0.0014371308498084546,"w":-0.7304818034172058},"size":2.8407416343688967,"orthographic":false}