{"cameraMode":{"drawMode":0,"name":"Shaded","section":"Shading Mode"},"sceneLighting":true,"audioPlay":false,"sceneViewState":{"m_AlwaysRefresh":false,"showFog":true,"showSkybox":true,"showFlares":true,"showImageEffects":true,"showParticleSystems":true,"showVisualEffectGraphs":true,"m_FxEnabled":true},"in2DMode":false,"pivot":{"x":3.4237220287323,"y":-0.41641759872436526,"z":-7.449028015136719},"rotation":{"x":-0.6086270809173584,"y":-0.009361760690808297,"z":0.007049113046377897,"w":-0.7934902906417847},"size":4.0197224617004398,"orthographic":false}