{"cameraMode":{"drawMode":0,"name":"Shaded","section":"Shading Mode"},"sceneLighting":true,"audioPlay":false,"sceneViewState":{"m_AlwaysRefresh":false,"showFog":true,"showSkybox":true,"showFlares":true,"showImageEffects":true,"showParticleSystems":true,"showVisualEffectGraphs":true,"m_FxEnabled":true},"in2DMode":false,"pivot":{"x":3.177746057510376,"y":-0.3111553192138672,"z":-7.506843566894531},"rotation":{"x":-0.6796884536743164,"y":-0.002867290284484625,"z":0.002647942863404751,"w":-0.7335433959960938},"size":4.390465259552002,"orthographic":false}